Workbook

Sheet Monthly Data
A1: Zone Code | B1: Zone Name | C1: Year | D1: Month # | E1: Month | F1: Tickets Booked | G1: Tickets Cancelled | H1: Passengers Booked | I1: Passengers Cancelled | J1: Earning (INR) | K1: Refund (INR) | L1: Net (INR)
A2: ALL | B2: All India | C2: 2025 | D2: 1 | E2: January | F2: 164926 | G2: 32199 | H2: 253335 | I2: 52006 | J2: 214384633 | K2: 37409756 | L2: =J2-K2 -> 176974877
A3: CR | B3: Central Railway | C3: 2025 | D3: 1 | E3: January | F3: 1446 | G3: 252 | H3: 3067 | I3: 435 | J3: 1669119 | K3: 392089 | L3: =J3-K3 -> 1277030
A4: EC | B4: East Central Railway | C4: 2025 | D4: 1 | E4: January | F4: 967 | G4: 120 | H4: 1936 | I4: 2568 | J4: 1676781 | K4: 230972 | L4: =J4-K4 -> 1445809
A5: EO | B5: East Coast Railway | C5: 2025 | D5: 1 | E5: January | F5: 273 | G5: 217 | H5: 804 | I5: 217 | J5: 612792 | K5: 63330 | L5: =J5-K5 -> 549462
A6: ER | B6: Eastern Railway | C6: 2025 | D6: 1 | E6: January | F6: 1628 | G6: 153 | H6: 1990 | I6: 193 | J6: 1677818 | K6: 281464 | L6: =J6-K6 -> 1396354
A7: INTERNET | B7: Internet / Online Booking | C7: 2025 | D7: 1 | E7: January | F7: 148565 | G7: 29826 | H7: 218749 | I7: 45704 | J7: 189082292 | K7: 33885022 | L7: =J7-K7 -> 155197270
A8: KR | B8: Konkan Railway | C8: 2025 | D8: 1 | E8: January | F8: 109 | G8: 26 | H8: 202 | I8: 29 | J8: 231584 | K8: 9094 | L8: =J8-K8 -> 222490
A9: NC | B9: North Central Railway | C9: 2025 | D9: 1 | E9: January | F9: 571 | G9: 88 | H9: 1175 | I9: 141 | J9: 750273 | K9: 98741 | L9: =J9-K9 -> 651532
A10: NE | B10: North Eastern Railway | C10: 2025 | D10: 1 | E10: January | F10: 679 | G10: 196 | H10: 2113 | I10: 217 | J10: 1611304 | K10: 223553 | L10: =J10-K10 -> 1387751
A11: NF | B11: Northeast Frontier Railway | C11: 2025 | D11: 1 | E11: January | F11: 695 | G11: 128 | H11: 2373 | I11: 179 | J11: 1545863 | K11: 228734 | L11: =J11-K11 -> 1317129
A12: NR | B12: Northern Railway | C12: 2025 | D12: 1 | E12: January | F12: 2456 | G12: 336 | H12: 3950 | I12: 471 | J12: 2819216 | K12: 130655 | L12: =J12-K12 -> 2688561
A13: NW | B13: North Western Railway | C13: 2025 | D13: 1 | E13: January | F13: 653 | G13: 78 | H13: 1470 | I13: 174 | J13: 1676071 | K13: 138765 | L13: =J13-K13 -> 1537306
... A229: WR | B229: Western Railway | C229: 2025 | D229: 12 | E229: December | F229: 1846 | G229: 154 | H229: 4274 | I229: 457 | J229: 3139155 | K229: 353382 | L229: =J229-K229 -> 2785773
A231: Note: This is synthetic/mock monthly data generated from the annual PRS totals supplied in Sample_Data_for_Upload.xlsx. Monthly splits use an assumed seasonal weighting (higher in Apr-Jun & Oct-Dec, lower in Jul-Aug) plus randomised jitter, and are NOT real PRS figures. Zone code 'SB' is assumed to represent South East Central Railway (SECR). 'ALL' rows are the summed rollup across all zones incl. INTERNET.

Sheet Zone Annual Summary
A1: Zone Code | B1: Zone Name | C1: Tickets Booked | D1: Tickets Cancelled | E1: Passengers Booked | F1: Passengers Cancelled | G1: Earning (INR) | H1: Refund (INR) | I1: Net (INR)
A2: CR | B2: Central Railway | C2: =SUMIFS('Monthly Data'!F2:F229,'Monthly Data'!$A$2:$A$229,$A2) -> 17356 | D2: =SUMIFS('Monthly Data'!G2:G229,'Monthly Data'!$A$2:$A$229,$A2) -> 2658 | E2: =SUMIFS('Monthly Data'!H2:H229,'Monthly Data'!$A$2:$A$229,$A2) -> 36525 | F2: =SUMIFS('Monthly Data'!I2:I229,'Monthly Data'!$A$2:$A$229,$A2) -> 4520 | G2: =SUMIFS('Monthly Data'!J2:J229,'Monthly Data'!$A$2:$A$229,$A2) -> 20528559 | H2: =SUMIFS('Monthly Data'!K2:K229,'Monthly Data'!$A$2:$A$229,$A2) -> 4151397 | I2: =SUMIFS('Monthly Data'!L2:L229,'Monthly Data'!$A$2:$A$229,$A2) -> 16377162
A3: EC | B3: East Central Railway | C3: =SUMIFS('Monthly Data'!F2:F229,'Monthly Data'!$A$2:$A$229,$A3) -> 12259 | D3: =SUMIFS('Monthly Data'!G2:G229,'Monthly Data'!$A$2:$A$229,$A3) -> 1505 | E3: =SUMIFS('Monthly Data'!H2:H229,'Monthly Data'!$A$2:$A$229,$A3) -> 24523 | F3: =SUMIFS('Monthly Data'!I2:I229,'Monthly Data'!$A$2:$A$229,$A3) -> 32252 | G3: =SUMIFS('Monthly Data'!J2:J229,'Monthly Data'!$A$2:$A$229,$A3) -> 22094994 | H3: =SUMIFS('Monthly Data'!K2:K229,'Monthly Data'!$A$2:$A$229,$A3) -> 2990365 | I3: =SUMIFS('Monthly Data'!L2:L229,'Monthly Data'!$A$2:$A$229,$A3) -> 19104629
A4: EO | B4: East Coast Railway | C4: =SUMIFS('Monthly Data'!F2:F229,'Monthly Data'!$A$2:$A$229,$A4) -> 3275 | D4: =SUMIFS('Monthly Data'!G2:G229,'Monthly Data'!$A$2:$A$229,$A4) -> 2454 | E4: =SUMIFS('Monthly Data'!H2:H229,'Monthly Data'!$A$2:$A$229,$A4) -> 9902 | F4: =SUMIFS('Monthly Data'!I2:I229,'Monthly Data'!$A$2:$A$229,$A4) -> 2454 | G4: =SUMIFS('Monthly Data'!J2:J229,'Monthly Data'!$A$2:$A$229,$A4) -> 7288572 | H4: =SUMIFS('Monthly Data'!K2:K229,'Monthly Data'!$A$2:$A$229,$A4) -> 747055 | I4: =SUMIFS('Monthly Data'!L2:L229,'Monthly Data'!$A$2:$A$229,$A4) -> 6541517
A5: ER | B5: Eastern Railway | C5: =SUMIFS('Monthly Data'!F2:F229,'Monthly Data'!$A$2:$A$229,$A5) -> 19792 | D5: =SUMIFS('Monthly Data'!G2:G229,'Monthly Data'!$A$2:$A$229,$A5) -> 1643 | E5: =SUMIFS('Monthly Data'!H2:H229,'Monthly Data'!$A$2:$A$229,$A5) -> 23910 | F5: =SUMIFS('Monthly Data'!I2:I229,'Monthly Data'!$A$2:$A$229,$A5) -> 2037 | G5: =SUMIFS('Monthly Data'!J2:J229,'Monthly Data'!$A$2:$A$229,$A5) -> 19728725 | H5: =SUMIFS('Monthly Data'!K2:K229,'Monthly Data'!$A$2:$A$229,$A5) -> 3053838 | I5: =SUMIFS('Monthly Data'!L2:L229,'Monthly Data'!$A$2:$A$229,$A5) -> 16674887
A6: INTERNET | B6: Internet / Online Booking | C6: =SUMIFS('Monthly Data'!F2:F229,'Monthly Data'!$A$2:$A$229,$A6) -> 1774309 | D6: =SUMIFS('Monthly Data'!G2:G229,'Monthly Data'!$A$2:$A$229,$A6) -> 392355 | E6: =SUMIFS('Monthly Data'!H2:H229,'Monthly Data'!$A$2:$A$229,$A6) -> 2676517 | F6: =SUMIFS('Monthly Data'!I2:I229,'Monthly Data'!$A$2:$A$229,$A6) -> 584651 | G6: =SUMIFS('Monthly Data'!J2:J229,'Monthly Data'!$A$2:$A$229,$A6) -> 2188913944 | H6: =SUMIFS('Monthly Data'!K2:K229,'Monthly Data'!$A$2:$A$229,$A6) -> 437299514 | I6: =SUMIFS('Monthly Data'!L2:L229,'Monthly Data'!$A$2:$A$229,$A6) -> 1751614430
A7: KR | B7: Konkan Railway | C7: =SUMIFS('Monthly Data'!F2:F229,'Monthly Data'!$A$2:$A$229,$A7) -> 1297 | D7: =SUMIFS('Monthly Data'!G2:G229,'Monthly Data'!$A$2:$A$229,$A7) -> 334 | E7: =SUMIFS('Monthly Data'!H2:H229,'Monthly Data'!$A$2:$A$229,$A7) -> 2370 | F7: =SUMIFS('Monthly Data'!I2:I229,'Monthly Data'!$A$2:$A$229,$A7) -> 364 | G7: =SUMIFS('Monthly Data'!J2:J229,'Monthly Data'!$A$2:$A$229,$A7) -> 2795207 | H7: =SUMIFS('Monthly Data'!K2:K229,'Monthly Data'!$A$2:$A$229,$A7) -> 121134 | I7: =SUMIFS('Monthly Data'!L2:L229,'Monthly Data'!$A$2:$A$229,$A7) -> 2674073
A8: NC | B8: North Central Railway | C8: =SUMIFS('Monthly Data'!F2:F229,'Monthly Data'!$A$2:$A$229,$A8) -> 6513 | D8: =SUMIFS('Monthly Data'!G2:G229,'Monthly Data'!$A$2:$A$229,$A8) -> 979 | E8: =SUMIFS('Monthly Data'!H2:H229,'Monthly Data'!$A$2:$A$229,$A8) -> 13731 | F8: =SUMIFS('Monthly Data'!I2:I229,'Monthly Data'!$A$2:$A$229,$A8) -> 1583 | G8: =SUMIFS('Monthly Data'!J2:J229,'Monthly Data'!$A$2:$A$229,$A8) -> 8840314 | H8: =SUMIFS('Monthly Data'!K2:K229,'Monthly Data'!$A$2:$A$229,$A8) -> 1146980 | I8: =SUMIFS('Monthly Data'!L2:L229,'Monthly Data'!$A$2:$A$229,$A8) -> 7693334
A9: NE | B9: North Eastern Railway | C9: =SUMIFS('Monthly Data'!F2:F229,'Monthly Data'!$A$2:$A$229,$A9) -> 7884 | D9: =SUMIFS('Monthly Data'!G2:G229,'Monthly Data'!$A$2:$A$229,$A9) -> 2415 | E9: =SUMIFS('Monthly Data'!H2:H229,'Monthly Data'!$A$2:$A$229,$A9) -> 25333 | F9: =SUMIFS('Monthly Data'!I2:I229,'Monthly Data'!$A$2:$A$229,$A9) -> 2617 | G9: =SUMIFS('Monthly Data'!J2:J229,'Monthly Data'!$A$2:$A$229,$A9) -> 18267437 | H9: =SUMIFS('Monthly Data'!K2:K229,'Monthly Data'!$A$2:$A$229,$A9) -> 2675608 | I9: =SUMIFS('Monthly Data'!L2:L229,'Monthly Data'!$A$2:$A$229,$A9) -> 15591829
A10: NF | B10: Northeast Frontier Railway | C10: =SUMIFS('Monthly Data'!F2:F229,'Monthly Data'!$A$2:$A$229,$A10) -> 8550 | D10: =SUMIFS('Monthly Data'!G2:G229,'Monthly Data'!$A$2:$A$229,$A10) -> 1578 | E10: =SUMIFS('Monthly Data'!H2:H229,'Monthly Data'!$A$2:$A$229,$A10) -> 29390 | F10: =SUMIFS('Monthly Data'!I2:I229,'Monthly Data'!$A$2:$A$229,$A10) -> 2222 | G10: =SUMIFS('Monthly Data'!J2:J229,'Monthly Data'!$A$2:$A$229,$A10) -> 19380891 | H10: =SUMIFS('Monthly Data'!K2:K229,'Monthly Data'!$A$2:$A$229,$A10) -> 2932769 | I10: =SUMIFS('Monthly Data'!L2:L229,'Monthly Data'!$A$2:$A$229,$A10) -> 16448122
A11: NR | B11: Northern Railway | C11: =SUMIFS('Monthly Data'!F2:F229,'Monthly Data'!$A$2:$A$229,$A11) -> 27568 | D11: =SUMIFS('Monthly Data'!G2:G229,'Monthly Data'!$A$2:$A$229,$A11) -> 3948 | E11: =SUMIFS('Monthly Data'!H2:H229,'Monthly Data'!$A$2:$A$229,$A11) -> 45449 | F11: =SUMIFS('Monthly Data'!I2:I229,'Monthly Data'!$A$2:$A$229,$A11) -> 5530 | G11: =SUMIFS('Monthly Data'!J2:J229,'Monthly Data'!$A$2:$A$229,$A11) -> 31571684 | H11: =SUMIFS('Monthly Data'!K2:K229,'Monthly Data'!$A$2:$A$229,$A11) -> 1494363 | I11: =SUMIFS('Monthly Data'!L2:L229,'Monthly Data'!$A$2:$A$229,$A11) -> 30077321
A12: NW | B12: North Western Railway | C12: =SUMIFS('Monthly Data'!F2:F229,'Monthly Data'!$A$2:$A$229,$A12) -> 7157 | D12: =SUMIFS('Monthly Data'!G2:G229,'Monthly Data'!$A$2:$A$229,$A12) -> 896 | E12: =SUMIFS('Monthly Data'!H2:H229,'Monthly Data'!$A$2:$A$229,$A12) -> 16250 | F12: =SUMIFS('Monthly Data'!I2:I229,'Monthly Data'!$A$2:$A$229,$A12) -> 1971 | G12: =SUMIFS('Monthly Data'!J2:J229,'Monthly Data'!$A$2:$A$229,$A12) -> 18457033 | H12: =SUMIFS('Monthly Data'!K2:K229,'Monthly Data'!$A$2:$A$229,$A12) -> 1605772 | I12: =SUMIFS('Monthly Data'!L2:L229,'Monthly Data'!$A$2:$A$229,$A12) -> 16851261
A13: SB | B13: South East Central Railway | C13: =SUMIFS('Monthly Data'!F2:F229,'Monthly Data'!$A$2:$A$229,$A13) -> 6794 | D13: =SUMIFS('Monthly Data'!G2:G229,'Monthly Data'!$A$2:$A$229,$A13) -> 825 | E13: =SUMIFS('Monthly Data'!H2:H229,'Monthly Data'!$A$2:$A$229,$A13) -> 14550 | F13: =SUMIFS('Monthly Data'!I2:I229,'Monthly Data'!$A$2:$A$229,$A13) -> 2415 | G13: =SUMIFS('Monthly Data'!J2:J229,'Monthly Data'!$A$2:$A$229,$A13) -> 9539777 | H13: =SUMIFS('Monthly Data'!K2:K229,'Monthly Data'!$A$2:$A$229,$A13) -> 1234518 | I13: =SUMIFS('Monthly Data'!L2:L229,'Monthly Data'!$A$2:$A$229,$A13) -> 8305259
A14: SC | B14: South Central Railway | C14: =SUMIFS('Monthly Data'!F2:F229,'Monthly Data'!$A$2:$A$229,$A14) -> 7991 | D14: =SUMIFS('Monthly Data'!G2:G229,'Monthly Data'!$A$2:$A$229,$A14) -> 947 | E14: =SUMIFS('Monthly Data'!H2:H229,'Monthly Data'!$A$2:$A$229,$A14) -> 21747 | F14: =SUMIFS('Monthly Data'!I2:I229,'Monthly Data'!$A$2:$A$229,$A14) -> 1966 | G14: =SUMIFS('Monthly Data'!J2:J229,'Monthly Data'!$A$2:$A$229,$A14) -> 12905017 | H14: =SUMIFS('Monthly Data'!K2:K229,'Monthly Data'!$A$2:$A$229,$A14) -> 1682018 | I14: =SUMIFS('Monthly Data'!L2:L229,'Monthly Data'!$A$2:$A$229,$A14) -> 11222999
A15: SE | B15: South Eastern Railway | C15: =SUMIFS('Monthly Data'!F2:F229,'Monthly Data'!$A$2:$A$229,$A15) -> 5812 | D15: =SUMIFS('Monthly Data'!G2:G229,'Monthly Data'!$A$2:$A$229,$A15) -> 825 | E15: =SUMIFS('Monthly Data'!H2:H229,'Monthly Data'!$A$2:$A$229,$A15) -> 11835 | F15: =SUMIFS('Monthly Data'!I2:I229,'Monthly Data'!$A$2:$A$229,$A15) -> 1654 | G15: =SUMIFS('Monthly Data'!J2:J229,'Monthly Data'!$A$2:$A$229,$A15) -> 12024139 | H15: =SUMIFS('Monthly Data'!K2:K229,'Monthly Data'!$A$2:$A$229,$A15) -> 1216134 | I15: =SUMIFS('Monthly Data'!L2:L229,'Monthly Data'!$A$2:$A$229,$A15) -> 10808005
A16: SR | B16: Southern Railway | C16: =SUMIFS('Monthly Data'!F2:F229,'Monthly Data'!$A$2:$A$229,$A16) -> 24838 | D16: =SUMIFS('Monthly Data'!G2:G229,'Monthly Data'!$A$2:$A$229,$A16) -> 2495 | E16: =SUMIFS('Monthly Data'!H2:H229,'Monthly Data'!$A$2:$A$229,$A16) -> 56574 | F16: =SUMIFS('Monthly Data'!I2:I229,'Monthly Data'!$A$2:$A$229,$A16) -> 4125 | G16: =SUMIFS('Monthly Data'!J2:J229,'Monthly Data'!$A$2:$A$229,$A16) -> 29590144 | H16: =SUMIFS('Monthly Data'!K2:K229,'Monthly Data'!$A$2:$A$229,$A16) -> 7596205 | I16: =SUMIFS('Monthly Data'!L2:L229,'Monthly Data'!$A$2:$A$229,$A16) -> 21993939
A17: SW | B17: South Western Railway | C17: =SUMIFS('Monthly Data'!F2:F229,'Monthly Data'!$A$2:$A$229,$A17) -> 7108 | D17: =SUMIFS('Monthly Data'!G2:G229,'Monthly Data'!$A$2:$A$229,$A17) -> 1080 | E17: =SUMIFS('Monthly Data'!H2:H229,'Monthly Data'!$A$2:$A$229,$A17) -> 19181 | F17: =SUMIFS('Monthly Data'!I2:I229,'Monthly Data'!$A$2:$A$229,$A17) -> 1642 | G17: =SUMIFS('Monthly Data'!J2:J229,'Monthly Data'!$A$2:$A$229,$A17) -> 21387677 | H17: =SUMIFS('Monthly Data'!K2:K229,'Monthly Data'!$A$2:$A$229,$A17) -> 1960176 | I17: =SUMIFS('Monthly Data'!L2:L229,'Monthly Data'!$A$2:$A$229,$A17) -> 19427501
A18: WC | B18: West Central Railway | C18: =SUMIFS('Monthly Data'!F2:F229,'Monthly Data'!$A$2:$A$229,$A18) -> 8978 | D18: =SUMIFS('Monthly Data'!G2:G229,'Monthly Data'!$A$2:$A$229,$A18) -> 793 | E18: =SUMIFS('Monthly Data'!H2:H229,'Monthly Data'!$A$2:$A$229,$A18) -> 13378 | F18: =SUMIFS('Monthly Data'!I2:I229,'Monthly Data'!$A$2:$A$229,$A18) -> 1808 | G18: =SUMIFS('Monthly Data'!J2:J229,'Monthly Data'!$A$2:$A$229,$A18) -> 11841598 | H18: =SUMIFS('Monthly Data'!K2:K229,'Monthly Data'!$A$2:$A$229,$A18) -> 1250586 | I18: =SUMIFS('Monthly Data'!L2:L229,'Monthly Data'!$A$2:$A$229,$A18) -> 10591012
A19: WR | B19: Western Railway | C19: =SUMIFS('Monthly Data'!F2:F229,'Monthly Data'!$A$2:$A$229,$A19) -> 20824 | D19: =SUMIFS('Monthly Data'!G2:G229,'Monthly Data'!$A$2:$A$229,$A19) -> 1970 | E19: =SUMIFS('Monthly Data'!H2:H229,'Monthly Data'!$A$2:$A$229,$A19) -> 47664 | F19: =SUMIFS('Monthly Data'!I2:I229,'Monthly Data'!$A$2:$A$229,$A19) -> 5755 | G19: =SUMIFS('Monthly Data'!J2:J229,'Monthly Data'!$A$2:$A$229,$A19) -> 34457172 | H19: =SUMIFS('Monthly Data'!K2:K229,'Monthly Data'!$A$2:$A$229,$A19) -> 4592153 | I19: =SUMIFS('Monthly Data'!L2:L229,'Monthly Data'!$A$2:$A$229,$A19) -> 29865019
A20: ALL | B20: All India | C20: =SUMIFS('Monthly Data'!F2:F229,'Monthly Data'!$A$2:$A$229,$A20) -> 1968305 | D20: =SUMIFS('Monthly Data'!G2:G229,'Monthly Data'!$A$2:$A$229,$A20) -> 419700 | E20: =SUMIFS('Monthly Data'!H2:H229,'Monthly Data'!$A$2:$A$229,$A20) -> 3088829 | F20: =SUMIFS('Monthly Data'!I2:I229,'Monthly Data'!$A$2:$A$229,$A20) -> 659566 | G20: =SUMIFS('Monthly Data'!J2:J229,'Monthly Data'!$A$2:$A$229,$A20) -> 2489612884 | H20: =SUMIFS('Monthly Data'!K2:K229,'Monthly Data'!$A$2:$A$229,$A20) -> 477750585 | I20: =SUMIFS('Monthly Data'!L2:L229,'Monthly Data'!$A$2:$A$229,$A20) -> 2011862299
